{"cameraMode":{"drawMode":0,"name":"Shaded","section":"Shading Mode"},"sceneLighting":true,"audioPlay":false,"sceneViewState":{"m_AlwaysRefresh":false,"showFog":true,"showSkybox":false,"showFlares":true,"showImageEffects":true,"showParticleSystems":true,"showVisualEffectGraphs":true,"m_FxEnabled":true},"in2DMode":false,"pivot":{"x":-2495491447696916700.0,"y":80839375816788800000.0,"z":-202669477502927240000.0},"rotation":{"x":-0.09814292937517166,"y":0.7319039702415466,"z":0.6656158566474915,"w":0.10792500525712967},"size":60301567335235320000.0,"orthographic":false}